USE estadonutricional;

INSERT INTO `rol`
VALUES
    (1, 'ROLE_ADMINISTRADOR'),
    (2, 'ROLE_MEDICO'),
    (3, 'ROLE_ALUMNO');

INSERT INTO `codigo_medico_valido`
VALUES
    (1, '1111111111'),
    (2, '2222222222'),
    (3, '3333333333'),
    (4, '4444444444'),
    (5, '5555555555'),
    (6, '6666666666'),
    (7, '7777777777'),
    (8, '8888888888'),
    (9, '9999999999'),
    (10, '1000000000'),
    (11, '2000000000'),
    (12, '3000000000'),
    (13, '4000000000'),
    (14, '5000000000'),
    (15, '6000000000'),
    (16, '7000000000'),
    (17, '8000000000'),
    (18, '9000000000');

INSERT INTO `codigo_uni_valido`
VALUES
    (1, '1111111111'),
    (2, '2222222222'),
    (3, '3333333333'),
    (4, '4444444444'),
    (5, '5555555555'),
    (6, '6666666666'),
    (7, '7777777777'),
    (8, '8888888888'),
    (9, '9999999999'),
    (10, '1000000000'),
    (11, '2000000000'),
    (12, '3000000000'),
    (13, '4000000000'),
    (14, '5000000000'),
    (15, '6000000000'),
    (16, '7000000000'),
    (17, '8000000000'),
    (18, '9000000000');

INSERT INTO `persona` VALUES 
(1,'Administrador','Administrador','11111111','1995-01-01 00:01:00','Administrador','M'),
(2,'Boada','Rueda','74536964','1996-12-29 00:07:00','Ignacio','M'),
(3,'Ozorio','Santos','09982341','1984-01-01 00:11:00','Irma','F'),
(4,'Castillo','Mendez','78934013','1996-01-08 00:11:00','Felipe','M'),
(5,'Salamanca','Santos','99013101','1998-11-16 00:10:00','María','F'),
(6,'Ramirez','Hermosa','09812310','1995-01-01 00:10:00','David Jair','M'),
(7,'Tapia','Urugiyo','31012076','2001-01-23 00:10:00','Antonio Uriel','M'),
(8,'Frias','Bayón','88194012','1995-11-09 00:10:00','José Ramón','M'),
(9,'Ávila','Saenz','56010310','1995-12-31 00:01:00','Verónica María','F'),
(10,'Vadillo','Gutierrez','76641918','1996-03-19 00:10:00','Isabel Karla','F');

INSERT INTO `medico` VALUES (1,'1000000000',3);

INSERT INTO `alumno` VALUES 
(1,'1000000000',2),
(2,'1111111111',4),
(3,'2222222222',5),
(4,'3333333333',6),
(5,'4444444444',7),
(6,'5555555555',8),
(7,'7777777777',9),
(8,'9999999999',10);

-- La contraseña en todos es 123abc
INSERT INTO `usuario` VALUES 
(1,'$2a$10$0GQSAAJkC4BPpEQXOTAFNue3NK2si1AA5pySdi5gclmNMC1urODrG','administrador@localhost.com',1,1),
(2,'$2a$10$0GQSAAJkC4BPpEQXOTAFNue3NK2si1AA5pySdi5gclmNMC1urODrG','1823110062@untels.edu.pe',2,3),
(3,'$2a$10$0GQSAAJkC4BPpEQXOTAFNue3NK2si1AA5pySdi5gclmNMC1urODrG','irma_santos@untels.edu.pe',3,2),
(4,'$2a$10$0GQSAAJkC4BPpEQXOTAFNue3NK2si1AA5pySdi5gclmNMC1urODrG','felgamer777@outlook.com',4,3),
(5,'$2a$10$0GQSAAJkC4BPpEQXOTAFNue3NK2si1AA5pySdi5gclmNMC1urODrG','mariasalamanca@outlook.com',5,3),
(6,'$2a$10$0GQSAAJkC4BPpEQXOTAFNue3NK2si1AA5pySdi5gclmNMC1urODrG','david_909@gmail.com',6,3),
(7,'$2a$10$0GQSAAJkC4BPpEQXOTAFNue3NK2si1AA5pySdi5gclmNMC1urODrG','uriel_peru@outlook.com',7,3),
(8,'$2a$10$0GQSAAJkC4BPpEQXOTAFNue3NK2si1AA5pySdi5gclmNMC1urODrG','joseramonbayon_2010@hotmail.com',8,3),
(9,'$2a$10$0GQSAAJkC4BPpEQXOTAFNue3NK2si1AA5pySdi5gclmNMC1urODrG','vero2002@hotmail.com',9,3),
(10,'$2a$10$0GQSAAJkC4BPpEQXOTAFNue3NK2si1AA5pySdi5gclmNMC1urODrG','isabel_gutierrez_900@hotmail.com',10,3);

INSERT INTO `dato_antropometrico` (`id`, `actividad_fisica`, `categoria_icc`, `categoria_imc`, `contorno_cadera`, `contorno_cintura`, `estatura`, `fecha_registro`, `nivel_estres`, `peso`, `rendimiento_academico`, `valor_icc`, `valor_imc`, `alumno_id`) VALUES
(1, 2, 'RIESGO_ALTO', 'DELGADEZ_GRADO_III', 0.6, 0.8, 1.8, '2019-09-01 17:52:46', 'LEVE', 45, 'NORMAL', 1.33333, 13.8889, 2),
(2, 3, 'RIESGO_ALTO', 'DELGADEZ_GRADO_III', 0.65, 0.6, 1.6, '2019-09-01 17:53:22', 'MODERADO', 40, 'BUENO', 0.923077, 15.625, 3),
(3, 1.2, 'RIESGO_ALTO', 'DELGADEZ_GRADO_I', 0.72, 0.8, 1.56, '2019-09-01 17:53:48', 'SEVERO', 45, 'PESIMO', 1.11111, 18.4911, 4),
(4, 2.5, 'RIESGO_ALTO', 'DELGADEZ_GRADO_I', 1.2, 1.23, 1.72, '2019-09-01 17:54:15', 'LEVE', 51.23, 'NORMAL', 1.025, 17.3168, 6),
(5, 2.2, 'RIESGO_ALTO', 'DELGADEZ_GRADO_I', 1.5, 1.8, 1.72, '2019-09-01 17:54:36', 'MODERADO', 51.23, 'BUENO', 1.2, 17.3168, 7),
(6, 1.5, 'RIESGO_ALTO', 'DELGADEZ_GRADO_II', 0.8, 0.87, 1.55, '2019-09-01 17:54:56', 'SEVERO', 40.3, 'MALO', 1.0875, 16.7742, 8),
(7, 2.5, 'RIESGO_ALTO', 'DELGADEZ_GRADO_III', 0.6, 0.8, 1.8, '2019-10-02 17:55:55', 'LEVE', 46, 'NORMAL', 1.33333, 14.1975, 2),
(8, 2.5, 'RIESGO_ALTO', 'DELGADEZ_GRADO_III', 0.65, 0.6, 1.6, '2019-10-02 17:56:21', 'MODERADO', 40, 'BUENO', 0.923077, 15.625, 3),
(9, 1, 'RIESGO_ALTO', 'NORMAL', 1.2, 1.5, 1.57, '2019-10-02 17:56:54', 'MODERADO', 49.5, 'MALO', 1.25, 20.0819, 4),
(10, 2, 'RIESGO_ALTO', 'DELGADEZ_GRADO_III', 0.69, 0.78, 1.72, '2019-10-02 17:57:40', 'MODERADO', 46.2, 'EXCELENTE', 1.13043, 15.6165, 5),
(11, 1, 'RIESGO_ALTO', 'NORMAL', 1.88, 1.89, 1.75, '2019-10-02 17:58:16', 'SEVERO', 60, 'PESIMO', 1.00532, 19.5918, 6),
(12, 3, 'RIESGO_ALTO', 'DELGADEZ_GRADO_II', 1.3, 1.5, 1.75, '2019-10-02 17:58:41', 'MODERADO', 50, 'BUENO', 1.15385, 16.3265, 7),
(13, 0, 'RIESGO_ALTO', 'DELGADEZ_GRADO_I', 1.25, 1.23, 1.56, '2019-10-02 17:59:03', 'SEVERO', 45, 'PESIMO', 0.984, 18.4911, 8),
(14, 2, 'RIESGO_ALTO', 'DELGADEZ_GRADO_III', 0.69, 0.82, 1.81, '2019-11-05 17:59:48', 'LEVE', 47, 'NORMAL', 1.18841, 14.3463, 2),
(15, 3, 'RIESGO_ALTO', 'DELGADEZ_GRADO_I', 0.7, 0.7, 1.59, '2019-11-05 18:00:06', 'MODERADO', 45.23, 'BUENO', 1, 17.8909, 3),
(16, 2, 'RIESGO_ALTO', 'DELGADEZ_GRADO_III', 0.69, 0.78, 1.72, '2019-11-05 18:00:29', 'MODERADO', 46.2, 'NORMAL', 1.13043, 15.6165, 5),
(17, 0, 'RIESGO_BAJO', 'NORMAL', 1.9, 1.8, 1.74, '2019-11-05 18:00:57', 'SEVERO', 61, 'PESIMO', 0.947368, 20.148, 6),
(18, 4.5, 'RIESGO_ALTO', 'DELGADEZ_GRADO_III', 1, 0.88, 1.8, '2019-11-05 18:01:16', 'SEVERO', 45, 'EXCELENTE', 0.88, 13.8889, 7),
(19, 0, 'RIESGO_ALTO', 'NORMAL', 1.24, 1.24, 1.56, '2019-11-05 18:01:40', 'SEVERO', 46, 'PESIMO', 1, 18.902, 8),
(20, 1.5, 'RIESGO_BAJO', 'DELGADEZ_GRADO_III', 1.33, 1.2, 1.811, '2019-12-04 18:02:25', 'MODERADO', 49, 'MALO', 0.902256, 14.9403, 2),
(21, 2.5, 'RIESGO_ALTO', 'DELGADEZ_GRADO_II', 0.68, 0.71, 1.61, '2019-12-04 18:03:44', 'LEVE', 42.6, 'NORMAL', 1.04412, 16.4345, 3),
(22, 0.5, 'RIESGO_ALTO', 'NORMAL', 1.7, 1.8, 1.6, '2019-12-04 18:04:03', 'SEVERO', 50.5, 'MALO', 1.05882, 19.7266, 4),
(23, 3, 'RIESGO_MODERADO', 'DELGADEZ_GRADO_III', 1.55, 1.52, 1.78, '2019-12-04 18:04:27', 'LEVE', 49, 'NORMAL', 0.980645, 15.4652, 5),
(24, 5, 'RIESGO_ALTO', 'DELGADEZ_GRADO_III', 0.8, 0.78, 1.81, '2019-12-04 18:04:50', 'MODERADO', 40, 'NORMAL', 0.975, 12.2096, 7),
(25, 0, 'RIESGO_ALTO', 'NORMAL', 1.3, 1.3, 1.55, '2019-12-04 18:05:09', 'MODERADO', 47.5, 'MALO', 1, 19.7711, 8),
(26, 1, 'RIESGO_BAJO', 'DELGADEZ_GRADO_III', 1.36, 1.25, 1.8, '2020-01-03 18:05:53', 'MODERADO', 51, 'NORMAL', 0.919118, 15.7407, 2),
(27, 3, 'RIESGO_ALTO', 'DELGADEZ_GRADO_II', 0.72, 0.75, 1.65, '2020-01-03 18:06:16', 'MODERADO', 45.3, 'NORMAL', 1.04167, 16.6391, 3),
(28, 0.5, 'RIESGO_ALTO', 'NORMAL', 1.75, 1.81, 1.58, '2020-01-03 18:06:40', 'SEVERO', 55.5, 'MALO', 1.03429, 22.232, 4),
(29, 1, 'RIESGO_MODERADO', 'DELGADEZ_GRADO_I', 1.89, 1.88, 1.78, '2020-01-03 18:07:00', 'MODERADO', 55, 'NORMAL', 0.994709, 17.3589, 5),
(30, 6, 'RIESGO_ALTO', 'DELGADEZ_GRADO_III', 0.76, 0.75, 1.8, '2020-01-03 18:07:21', 'SEVERO', 38, 'MALO', 0.986842, 11.7284, 7),
(31, 0, 'RIESGO_ALTO', 'NORMAL', 1.45, 1.45, 1.56, '2020-01-03 18:07:48', 'MODERADO', 48, 'MALO', 1, 19.7239, 8),
(32, 1.5, 'RIESGO_ALTO', 'DELGADEZ_GRADO_II', 1.25, 1.35, 1.79, '2020-02-02 18:08:22', 'MODERADO', 52.5, 'NORMAL', 1.08, 16.3853, 2),
(33, 2, 'RIESGO_ALTO', 'DELGADEZ_GRADO_I', 0.8, 0.8, 1.64, '2020-02-02 18:08:44', 'MODERADO', 46.2, 'NORMAL', 1, 17.1773, 3),
(34, 0, 'RIESGO_MODERADO', 'DELGADEZ_GRADO_I', 1.9, 1.82, 1.85, '2020-02-02 18:09:08', 'SEVERO', 60, 'PESIMO', 0.957895, 17.531, 6),
(35, 0.5, 'RIESGO_ALTO', 'NORMAL', 1.45, 1.5, 1.55, '2020-02-02 18:09:31', 'MODERADO', 49, 'NORMAL', 1.03448, 20.3954, 8);